learner_seed,evaluation_seed,mechanism,selected_index,admitted_index,init_x,init_x_dot,init_theta,init_theta_dot,poison_initially_accepted,snapshot_initially_accepted,casadi_full_first_violation_step,physical_first_violation_step,forward_switch_step,baseline_control_steps,mean_reward
2060,9060,clean_release,0,0,-0.20858518834434747,-0.1680914057196362,-0.10054356135999881,-0.9206670035332309,True,True,,,,0,-0.542884660759934
2060,9060,poisoned_release,0,0,-0.20858518834434747,-0.1680914057196362,-0.10054356135999881,-0.9206670035332309,True,True,,,,0,-0.5532466876884254
2060,9060,resident_predictive_simplex,0,0,-0.20858518834434747,-0.1680914057196362,-0.10054356135999881,-0.9206670035332309,True,True,,,,0,-0.5532466876884254
2060,9060,clean_release,1,1,-0.14629529149728182,-0.028547231290539155,-0.0811151134492705,-0.6951157721958467,True,True,,,,0,-0.28572140488776887
2060,9060,poisoned_release,1,1,-0.14629529149728182,-0.028547231290539155,-0.0811151134492705,-0.6951157721958467,True,True,,,,0,-0.2685748608921027
2060,9060,resident_predictive_simplex,1,1,-0.14629529149728182,-0.028547231290539155,-0.0811151134492705,-0.6951157721958467,True,True,,,,0,-0.2685748608921027
2060,9060,clean_release,2,2,0.12100739729419341,0.3321747815850741,0.017301062867532385,0.592965099677619,True,True,,,,0,-0.22483018003600944
2060,9060,poisoned_release,2,2,0.12100739729419341,0.3321747815850741,0.017301062867532385,0.592965099677619,True,True,,,,0,-0.22092895923970446
2060,9060,resident_predictive_simplex,2,2,0.12100739729419341,0.3321747815850741,0.017301062867532385,0.592965099677619,True,True,,,,0,-0.22092895923970446
2060,9060,clean_release,3,3,-0.09396638136112567,-0.27479280876394485,-0.09006053899995203,0.35768992400510036,True,True,,,,0,-0.03469900079114985
2060,9060,poisoned_release,3,3,-0.09396638136112567,-0.27479280876394485,-0.09006053899995203,0.35768992400510036,True,True,,,,0,-0.032902083441307434
2060,9060,resident_predictive_simplex,3,3,-0.09396638136112567,-0.27479280876394485,-0.09006053899995203,0.35768992400510036,True,True,,,,0,-0.032902083441307434
2060,9060,clean_release,4,5,-0.22918069421213771,0.020340192656311373,-0.13391621629910944,-0.9912058948009153,True,True,,,,0,-0.6016880581783985
2060,9060,poisoned_release,4,5,-0.22918069421213771,0.020340192656311373,-0.13391621629910944,-0.9912058948009153,True,True,,,,0,-0.6181408427684388
2060,9060,resident_predictive_simplex,4,5,-0.22918069421213771,0.020340192656311373,-0.13391621629910944,-0.9912058948009153,True,True,,,,0,-0.6181408427684388
2060,9060,clean_release,5,6,-0.154698402114611,-0.25518017570453866,0.08265766876939881,-0.691324404664496,True,True,,,,0,-0.11832363548152322
2060,9060,poisoned_release,5,6,-0.154698402114611,-0.25518017570453866,0.08265766876939881,-0.691324404664496,True,True,,,,0,-0.10897851365549142
2060,9060,resident_predictive_simplex,5,6,-0.154698402114611,-0.25518017570453866,0.08265766876939881,-0.691324404664496,True,True,,,,0,-0.10897851365549142
2060,9060,clean_release,6,7,-0.24417963177882335,0.1573114161536152,0.016278588517034703,0.9525976534661815,True,True,,,,0,-0.23707432972832862
2060,9060,poisoned_release,6,7,-0.24417963177882335,0.1573114161536152,0.016278588517034703,0.9525976534661815,True,True,,,,0,-0.2241331664245365
2060,9060,resident_predictive_simplex,6,7,-0.24417963177882335,0.1573114161536152,0.016278588517034703,0.9525976534661815,True,True,,,,0,-0.2241331664245365
2060,9060,clean_release,7,9,0.22798111514952585,-0.39605726001191277,-0.06806817207756784,0.7386318697484715,True,True,,,,0,-0.03425086085900593
2060,9060,poisoned_release,7,9,0.22798111514952585,-0.39605726001191277,-0.06806817207756784,0.7386318697484715,True,True,,,,0,-0.03224298130230496
2060,9060,resident_predictive_simplex,7,9,0.22798111514952585,-0.39605726001191277,-0.06806817207756784,0.7386318697484715,True,True,,,,0,-0.03224298130230496
2060,9060,clean_release,8,10,-0.1584980052551142,-0.3542692787507402,-0.055988976026980414,-0.872925090589465,True,True,,,,0,-0.4743700191725278
2060,9060,poisoned_release,8,10,-0.1584980052551142,-0.3542692787507402,-0.055988976026980414,-0.872925090589465,True,True,,,,0,-0.4771270819626969
2060,9060,resident_predictive_simplex,8,10,-0.1584980052551142,-0.3542692787507402,-0.055988976026980414,-0.872925090589465,True,True,,,,0,-0.4771270819626969
2060,9060,clean_release,9,11,0.23333179347742672,-0.26960882200425684,0.029234426056568674,-0.08976665377704962,True,True,,,,0,-0.026022656407926795
2060,9060,poisoned_release,9,11,0.23333179347742672,-0.26960882200425684,0.029234426056568674,-0.08976665377704962,True,True,,,,0,-0.022769468595597787
2060,9060,resident_predictive_simplex,9,11,0.23333179347742672,-0.26960882200425684,0.029234426056568674,-0.08976665377704962,True,True,,,,0,-0.022769468595597787
2060,9060,clean_release,10,13,-0.16682653811489784,0.3591818713551006,0.10071192406352145,-0.7130140821172939,True,True,,,,0,-0.024325568727345766
2060,9060,poisoned_release,10,13,-0.16682653811489784,0.3591818713551006,0.10071192406352145,-0.7130140821172939,True,True,,,,0,-0.02047943796199545
2060,9060,resident_predictive_simplex,10,13,-0.16682653811489784,0.3591818713551006,0.10071192406352145,-0.7130140821172939,True,True,,,,0,-0.02047943796199545
2060,9060,clean_release,11,14,0.006603942394147522,-0.15832418703304363,-0.09086191365787388,-0.6111115883740863,True,True,,,,0,-0.27711260185525455
2060,9060,poisoned_release,11,14,0.006603942394147522,-0.15832418703304363,-0.09086191365787388,-0.6111115883740863,True,True,,,,0,-0.2567790258982566
2060,9060,resident_predictive_simplex,11,14,0.006603942394147522,-0.15832418703304363,-0.09086191365787388,-0.6111115883740863,True,True,,,,0,-0.2567790258982566
2060,9060,clean_release,12,15,0.1759887431808027,-0.31345939986728044,-0.012584503040508233,-0.5075002167430018,True,True,,,,0,-0.13775780924177028
2060,9060,poisoned_release,12,15,0.1759887431808027,-0.31345939986728044,-0.012584503040508233,-0.5075002167430018,True,True,,,,0,-0.12141520037870493
2060,9060,resident_predictive_simplex,12,15,0.1759887431808027,-0.31345939986728044,-0.012584503040508233,-0.5075002167430018,True,True,,,,0,-0.12141520037870493
2060,9060,clean_release,13,16,0.07148417624707948,0.39003230998651406,0.14233741291341442,-0.71396971579952,True,True,,,,0,-0.03237507289028899
2060,9060,poisoned_release,13,16,0.07148417624707948,0.39003230998651406,0.14233741291341442,-0.71396971579952,True,True,,,,0,-0.03475186715959599
2060,9060,resident_predictive_simplex,13,16,0.07148417624707948,0.39003230998651406,0.14233741291341442,-0.71396971579952,True,True,,,,0,-0.03475186715959599
2060,9060,clean_release,14,18,-0.0529399632605414,-0.17526440037596014,0.07089594405570643,-0.7886702122527645,True,True,,,,0,-0.11882848801573467
2060,9060,poisoned_release,14,18,-0.0529399632605414,-0.17526440037596014,0.07089594405570643,-0.7886702122527645,True,True,,,,0,-0.10756811026641244
2060,9060,resident_predictive_simplex,14,18,-0.0529399632605414,-0.17526440037596014,0.07089594405570643,-0.7886702122527645,True,True,,,,0,-0.10756811026641244
2060,9060,clean_release,15,19,-0.05848164856638849,0.15293420603208807,-0.007921709395824594,-0.34530015574762674,True,True,,,,0,-0.02757901998405078
2060,9060,poisoned_release,15,19,-0.05848164856638849,0.15293420603208807,-0.007921709395824594,-0.34530015574762674,True,True,,,,0,-0.024993290543474753
2060,9060,resident_predictive_simplex,15,19,-0.05848164856638849,0.15293420603208807,-0.007921709395824594,-0.34530015574762674,True,True,,,,0,-0.024993290543474753
2060,9060,clean_release,16,20,-0.0257846461836006,0.16698189664992502,0.12961266226892956,0.7213146358828304,True,True,,,,0,-0.3949265987811636
2060,9060,poisoned_release,16,20,-0.0257846461836006,0.16698189664992502,0.12961266226892956,0.7213146358828304,True,True,,,,0,-0.40706267859996176
2060,9060,resident_predictive_simplex,16,20,-0.0257846461836006,0.16698189664992502,0.12961266226892956,0.7213146358828304,True,True,,,,0,-0.40706267859996176
2060,9060,clean_release,17,22,0.21244230582275003,-0.3188204906094305,-0.1424135755896129,0.4946735380563083,True,True,,,,0,-0.04166393878852773
2060,9060,poisoned_release,17,22,0.21244230582275003,-0.3188204906094305,-0.1424135755896129,0.4946735380563083,True,True,,,,0,-0.06708858006044292
2060,9060,resident_predictive_simplex,17,22,0.21244230582275003,-0.3188204906094305,-0.1424135755896129,0.4946735380563083,True,True,,,,0,-0.06708858006044292
2060,9060,clean_release,18,23,-0.24989553143474286,-0.13188014715076557,0.10482550816057759,-0.9823672609317011,True,True,,,,0,-0.1702095429814426
2060,9060,poisoned_release,18,23,-0.24989553143474286,-0.13188014715076557,0.10482550816057759,-0.9823672609317011,True,True,,,,0,-0.15761248756156504
2060,9060,resident_predictive_simplex,18,23,-0.24989553143474286,-0.13188014715076557,0.10482550816057759,-0.9823672609317011,True,True,,,,0,-0.15761248756156504
2060,9060,clean_release,19,24,0.11635139754412588,-0.34170882359903254,0.13894994945493763,0.682072741179135,True,True,,,,0,-0.2357968626497797
2060,9060,poisoned_release,19,24,0.11635139754412588,-0.34170882359903254,0.13894994945493763,0.682072741179135,True,True,,,,0,-0.23510203350352332
2060,9060,resident_predictive_simplex,19,24,0.11635139754412588,-0.34170882359903254,0.13894994945493763,0.682072741179135,True,True,,,,0,-0.23510203350352332
2060,9060,clean_release,20,26,-0.10866850164181424,0.3862963890380039,-0.13011127205035508,0.35459945611646626,True,True,,,,0,-0.01879132086882769
2060,9060,poisoned_release,20,26,-0.10866850164181424,0.3862963890380039,-0.13011127205035508,0.35459945611646626,True,True,,,,0,-0.01706131689068712
2060,9060,resident_predictive_simplex,20,26,-0.10866850164181424,0.3862963890380039,-0.13011127205035508,0.35459945611646626,True,True,,,,0,-0.01706131689068712
2060,9060,clean_release,21,27,-0.20824419516816167,-0.33374940875226267,-0.03381238202389324,-0.3046701837868999,True,True,,,,0,-0.17703513462350318
2060,9060,poisoned_release,21,27,-0.20824419516816167,-0.33374940875226267,-0.03381238202389324,-0.3046701837868999,True,True,,,,0,-0.1653450169168168
2060,9060,resident_predictive_simplex,21,27,-0.20824419516816167,-0.33374940875226267,-0.03381238202389324,-0.3046701837868999,True,True,,,,0,-0.1653450169168168
2060,9060,clean_release,22,28,0.14680745391713818,0.1637424315484094,0.07021075538747276,0.5916826053004709,True,True,,,,0,-0.2561903622037608
2060,9060,poisoned_release,22,28,0.14680745391713818,0.1637424315484094,0.07021075538747276,0.5916826053004709,True,True,,,,0,-0.2524866745004567
2060,9060,resident_predictive_simplex,22,28,0.14680745391713818,0.1637424315484094,0.07021075538747276,0.5916826053004709,True,True,,,,0,-0.2524866745004567
2060,9060,clean_release,23,30,-0.1815606721657964,0.36554443940005876,-0.08287546281183832,-0.493724937771282,True,True,,,,0,-0.10746843195797665
2060,9060,poisoned_release,23,30,-0.1815606721657964,0.36554443940005876,-0.08287546281183832,-0.493724937771282,True,True,,,,0,-0.10314978495212371
2060,9060,resident_predictive_simplex,23,30,-0.1815606721657964,0.36554443940005876,-0.08287546281183832,-0.493724937771282,True,True,,,,0,-0.10314978495212371
