seed,rho,mechanism,first_violation_step,mean_reward
2210,0.005,clean,,-0.618380834006832
2210,0.005,clean,,-0.42747140434583636
2210,0.005,clean,,-0.2897285441590299
2210,0.005,clean,,-0.11641851211929397
2210,0.005,clean,,-0.0475564667918004
2210,0.005,clean,,-0.05159280595204098
2210,0.005,clean,,-0.08112982954572426
2210,0.005,clean,,-0.45507195749952806
2210,0.005,clean,,-0.3096425294734594
2210,0.005,clean,,-0.20368394020384162
2210,0.005,clean,,-0.0739035416599896
2210,0.005,clean,,-0.045621980919521965
2210,0.005,clean,,-0.06941381332745257
2210,0.005,clean,,-0.11839409538941652
2210,0.005,clean,,-0.3324242581050527
2210,0.005,clean,,-0.2200610676325405
2210,0.005,clean,,-0.13779630660623987
2210,0.005,clean,,-0.0486610669380403
2210,0.005,clean,,-0.06007024572128656
2210,0.005,clean,,-0.10342616036273838
2210,0.005,clean,,-0.17175971786496644
2210,0.005,clean,,-0.16808675763222292
2210,0.005,clean,,-0.10056730113898106
2210,0.005,clean,,-0.057981881234507086
2210,0.005,clean,,-0.0479560571588771
2210,0.005,clean,,-0.13853785535878801
2210,0.005,clean,,-0.22052229157254277
2210,0.005,clean,,-0.33302477567674216
2210,0.005,clean,,-0.11405013502163056
2210,0.005,clean,,-0.0659059751375087
2210,0.005,clean,,-0.042857597706998526
2210,0.005,clean,,-0.07251471639816567
2210,0.005,clean,,-0.20309116734674212
2210,0.005,clean,,-0.3095428087202778
2210,0.005,clean,,-0.4556381795418538
2210,0.005,clean,,-0.07619004690102221
2210,0.005,clean,,-0.04745508130181634
2210,0.005,clean,,-0.04414335404522584
2210,0.005,clean,,-0.11438974227709296
2210,0.005,clean,,-0.28889460061272954
2210,0.005,clean,,-0.4274099289822045
2210,0.005,clean,14,-0.6197665071704265
2210,0.005,poison,5,-1.6610587286274936
2210,0.005,poison,11,-1.4307600794309043
2210,0.005,poison,11,-1.2655677249171224
2210,0.005,poison,,-1.0563719185806622
2210,0.005,poison,,-0.9472545330199166
2210,0.005,poison,,-0.9333648281721881
2210,0.005,poison,,-0.9460897453710876
2210,0.005,poison,10,-1.4757493814171687
2210,0.005,poison,11,-1.3022311314134376
2210,0.005,poison,12,-1.176342521618788
2210,0.005,poison,,-1.0109520856072787
2210,0.005,poison,,-0.9444729056816776
2210,0.005,poison,,-0.9511039195650748
2210,0.005,poison,,-0.9839017955751781
2210,0.005,poison,10,-1.3413532762031422
2210,0.005,poison,10,-1.2069685090173237
2210,0.005,poison,12,-1.1085351264983772
2210,0.005,poison,,-0.9843757299849294
2210,0.005,poison,,-0.9592566249165839
2210,0.005,poison,,-0.9860747663939409
2210,0.005,poison,,-1.038803515040743
2210,0.005,poison,9,-1.1753202452895646
2210,0.005,poison,11,-1.0930628611884252
2210,0.005,poison,,-1.0339708194750492
2210,0.005,poison,,-0.9846793034261838
2210,0.005,poison,,-1.0412364304880306
2210,0.005,poison,,-1.1087562944749905
2210,0.005,poison,,-1.2022186890125857
2210,0.005,poison,9,-1.124051772963567
2210,0.005,poison,,-1.0638584047396447
2210,0.005,poison,,-1.0194165123400005
2210,0.005,poison,,-1.0111723942874589
2210,0.005,poison,,-1.1093933367718003
2210,0.005,poison,,-1.1980931084075574
2210,0.005,poison,,-1.3157677249835875
2210,0.005,poison,8,-1.0962976798665296
2210,0.005,poison,,-1.0461766181918193
2210,0.005,poison,,-1.022213047503493
2210,0.005,poison,,-1.0557143233091095
2210,0.005,poison,,-1.1970713985308359
2210,0.005,poison,,-1.3079746133926344
2210,0.005,poison,,-1.4646787207651462
2210,0.005,freeze,,-0.580621654876358
2210,0.005,freeze,,-0.4089667761193023
2210,0.005,freeze,,-0.27761638233049174
2210,0.005,freeze,,-0.09714507255813115
2210,0.005,freeze,,-0.029004470859259945
2210,0.005,freeze,,-0.019579359718076454
2210,0.005,freeze,,-0.05526099984633106
2210,0.005,freeze,,-0.43474650706774914
2210,0.005,freeze,,-0.2976366617016786
2210,0.005,freeze,,-0.19076514485397889
2210,0.005,freeze,,-0.04777628610288465
2210,0.005,freeze,,-0.011477908227665198
2210,0.005,freeze,,-0.04152685790859659
2210,0.005,freeze,,-0.09895583843183406
2210,0.005,freeze,,-0.3202916172703
2210,0.005,freeze,,-0.2084567977983909
2210,0.005,freeze,,-0.1225844265783481
2210,0.005,freeze,,-0.015193583816603292
2210,0.005,freeze,,-0.03005676123883619
2210,0.005,freeze,,-0.08233636665886093
2210,0.005,freeze,,-0.15722502030192512
2210,0.005,freeze,,-0.15722502030192512
2210,0.005,freeze,,-0.08233636665886093
2210,0.005,freeze,,-0.03005676123883619
2210,0.005,freeze,,-0.015193583816603292
2210,0.005,freeze,,-0.1225844265783481
2210,0.005,freeze,,-0.2084567977983909
2210,0.005,freeze,,-0.3202916172703
2210,0.005,freeze,,-0.09895583843183406
2210,0.005,freeze,,-0.04152685790859659
2210,0.005,freeze,,-0.011477908227665198
2210,0.005,freeze,,-0.04777628610288465
2210,0.005,freeze,,-0.19076514485397889
2210,0.005,freeze,,-0.2976366617016786
2210,0.005,freeze,,-0.43474650706774914
2210,0.005,freeze,,-0.05526099984633106
2210,0.005,freeze,,-0.019579359718076454
2210,0.005,freeze,,-0.029004470859259945
2210,0.005,freeze,,-0.09714507255813115
2210,0.005,freeze,,-0.27761638233049174
2210,0.005,freeze,,-0.4089667761193023
2210,0.005,freeze,,-0.580621654876358
2210,0.005,commit,,-0.5819153480461182
2210,0.005,commit,,-0.3900493198256033
2210,0.005,commit,,-0.25163795130692435
2210,0.005,commit,,-0.07744146266058444
2210,0.005,commit,,-0.03872849191637153
2210,0.005,commit,,-0.011588573839176676
2210,0.005,commit,,-0.0407091769694155
2210,0.005,commit,,-0.41815951792421935
2210,0.005,commit,,-0.27214076882742244
2210,0.005,commit,,-0.16575762287276435
2210,0.005,commit,,-0.03532443531439649
2210,0.005,commit,,-0.00641314230143093
2210,0.005,commit,,-0.02984956687153082
2210,0.005,commit,,-0.07840993882971334
2210,0.005,commit,,-0.2952562249809294
2210,0.005,commit,,-0.18258426665545677
2210,0.005,commit,,-0.1002633212548849
2210,0.005,commit,,-0.010507945033167003
2210,0.005,commit,,-0.021318742268503884
2210,0.005,commit,,-0.06432091854613535
2210,0.005,commit,,-0.13228957684014084
2210,0.005,commit,,-0.1319804154267084
2210,0.005,commit,,-0.0641098402737875
2210,0.005,commit,,-0.021228246399911395
2210,0.005,commit,,-0.010691946255680557
2210,0.005,commit,,-0.10071133298673095
2210,0.005,commit,,-0.18341210080545142
2210,0.005,commit,,-0.2964293601787773
2210,0.005,commit,,-0.07826227187287889
2210,0.005,commit,,-0.029808913794736585
2210,0.005,commit,,-0.0064992201566039425
2210,0.005,commit,,-0.0356896850389891
2210,0.005,commit,,-0.1664080917058704
2210,0.005,commit,,-0.2731005851620004
2210,0.005,commit,,-0.41939340578314344
2210,0.005,commit,,-0.040718533715537616
2210,0.005,commit,,-0.011713314651651052
2210,0.005,commit,,-0.008171310294930921
2210,0.005,commit,,-0.0779821804430392
2210,0.005,commit,,-0.252626997574932
2210,0.005,commit,,-0.39130986121573574
2210,0.005,commit,,-0.5833424620565181
2210,0.02,clean,,-0.6253715143359265
2210,0.02,clean,,-0.43475679984092896
2210,0.02,clean,,-0.2972898210282185
2210,0.02,clean,,-0.12440271716132997
2210,0.02,clean,,-0.05586194985200119
2210,0.02,clean,,-0.06006985171247969
2210,0.02,clean,,-0.0897896890066137
2210,0.02,clean,,-0.4622286979909578
2210,0.02,clean,,-0.31705195458686936
2210,0.02,clean,,-0.2113313883188571
2210,0.02,clean,,-0.08185396448895664
2210,0.02,clean,,-0.05389195278392802
2210,0.02,clean,,-0.07785586336335412
2210,0.02,clean,,-0.1270208434693753
2210,0.02,clean,,-0.3396836042173922
2210,0.02,clean,,-0.22753219153003004
2210,0.02,clean,,-0.14541470909793203
2210,0.02,clean,,-0.056578918347719824
2210,0.02,clean,,-0.06830716577939663
2210,0.02,clean,,-0.1118368298005545
2210,0.02,clean,,-0.18016977918497348
2210,0.02,clean,,-0.17536907893658402
2210,0.02,clean,,-0.10799198237440559
2210,0.02,clean,,-0.06554962945820231
2210,0.02,clean,,-0.05581926934715194
2210,0.02,clean,,-0.14672618670456955
2210,0.02,clean,,-0.22876496441880778
2210,0.02,clean,,-0.3413669162298207
2210,0.02,clean,,-0.1213165519287741
2210,0.02,clean,,-0.07331270589144114
2210,0.02,clean,,-0.05040613324004241
2210,0.02,clean,,-0.08035976409861283
2210,0.02,clean,,-0.2111670285712389
2210,0.02,clean,,-0.3177253398134069
2210,0.02,clean,,-0.46398918929023686
2210,0.02,clean,,-0.08344476238726543
2210,0.02,clean,,-0.05484880937313242
2210,0.02,clean,,-0.05167866308640536
2210,0.02,clean,,-0.12222585413074429
2210,0.02,clean,,-0.297008468805654
2210,0.02,clean,,-0.43568789236040156
2210,0.02,clean,14,-0.6283019359684029
2210,0.02,poison,5,-1.6217189911142982
2210,0.02,poison,11,-1.4050787098651607
2210,0.02,poison,11,-1.2504755773329814
2210,0.02,poison,,-1.0572735688444996
2210,0.02,poison,,-0.958685790508169
2210,0.02,poison,,-0.949341214096653
2210,0.02,poison,,-0.9662523147830323
2210,0.02,poison,10,-1.445712941645761
2210,0.02,poison,11,-1.28306950656791
2210,0.02,poison,12,-1.1650244530068254
2210,0.02,poison,,-1.0136159225638681
2210,0.02,poison,,-0.9568993404984586
2210,0.02,poison,,-0.967842269694248
2210,0.02,poison,,-1.004621894418012
2210,0.02,poison,10,-1.3169503689767126
2210,0.02,poison,11,-1.1915275911950938
2210,0.02,poison,13,-1.1005600566430416
2210,0.02,poison,,-0.9881033986213932
2210,0.02,poison,,-0.9722630116991534
2210,0.02,poison,,-1.0031965827357647
2210,0.02,poison,,-1.0597309706134317
2210,0.02,poison,9,-1.158087210799845
2210,0.02,poison,12,-1.0821987926255763
2210,0.02,poison,,-1.0284998042787172
2210,0.02,poison,,-0.9892015180965428
2210,0.02,poison,,-1.0542872135069998
2210,0.02,poison,,-1.1256009916140504
2210,0.02,poison,,-1.2225665077040386
2210,0.02,poison,9,-1.1082143406501708
2210,0.02,poison,,-1.0531396832657312
2210,0.02,poison,,-1.0141331214151657
2210,0.02,poison,,-1.0155066926773704
2210,0.02,poison,,-1.1219500494453136
2210,0.02,poison,,-1.2143009908394844
2210,0.02,poison,,-1.3360196757429408
2210,0.02,poison,8,-1.0810186249000195
2210,0.02,poison,,-1.0354338431429135
2210,0.02,poison,,-1.016712638571573
2210,0.02,poison,,-1.0595078046553998
2210,0.02,poison,,-1.2088026607367843
2210,0.02,poison,,-1.323214021625619
2210,0.02,poison,,-1.4849462871624326
2210,0.02,freeze,,-0.580621654876358
2210,0.02,freeze,,-0.4089667761193023
2210,0.02,freeze,,-0.27761638233049174
2210,0.02,freeze,,-0.09714507255813115
2210,0.02,freeze,,-0.029004470859259945
2210,0.02,freeze,,-0.019579359718076454
2210,0.02,freeze,,-0.05526099984633106
2210,0.02,freeze,,-0.43474650706774914
2210,0.02,freeze,,-0.2976366617016786
2210,0.02,freeze,,-0.19076514485397889
2210,0.02,freeze,,-0.04777628610288465
2210,0.02,freeze,,-0.011477908227665198
2210,0.02,freeze,,-0.04152685790859659
2210,0.02,freeze,,-0.09895583843183406
2210,0.02,freeze,,-0.3202916172703
2210,0.02,freeze,,-0.2084567977983909
2210,0.02,freeze,,-0.1225844265783481
2210,0.02,freeze,,-0.015193583816603292
2210,0.02,freeze,,-0.03005676123883619
2210,0.02,freeze,,-0.08233636665886093
2210,0.02,freeze,,-0.15722502030192512
2210,0.02,freeze,,-0.15722502030192512
2210,0.02,freeze,,-0.08233636665886093
2210,0.02,freeze,,-0.03005676123883619
2210,0.02,freeze,,-0.015193583816603292
2210,0.02,freeze,,-0.1225844265783481
2210,0.02,freeze,,-0.2084567977983909
2210,0.02,freeze,,-0.3202916172703
2210,0.02,freeze,,-0.09895583843183406
2210,0.02,freeze,,-0.04152685790859659
2210,0.02,freeze,,-0.011477908227665198
2210,0.02,freeze,,-0.04777628610288465
2210,0.02,freeze,,-0.19076514485397889
2210,0.02,freeze,,-0.2976366617016786
2210,0.02,freeze,,-0.43474650706774914
2210,0.02,freeze,,-0.05526099984633106
2210,0.02,freeze,,-0.019579359718076454
2210,0.02,freeze,,-0.029004470859259945
2210,0.02,freeze,,-0.09714507255813115
2210,0.02,freeze,,-0.27761638233049174
2210,0.02,freeze,,-0.4089667761193023
2210,0.02,freeze,,-0.580621654876358
2210,0.02,commit,,-0.5819429065431162
2210,0.02,commit,,-0.3900770352466355
2210,0.02,commit,,-0.25166829107292377
2210,0.02,commit,,-0.07747798759856464
2210,0.02,commit,,-0.03887954727707126
2210,0.02,commit,,-0.011640925208229206
2210,0.02,commit,,-0.04077189820429576
2210,0.02,commit,,-0.41818251552533214
2210,0.02,commit,,-0.27216494684498566
2210,0.02,commit,,-0.16577841647576114
2210,0.02,commit,,-0.035355897587394054
2210,0.02,commit,,-0.00645823196401675
2210,0.02,commit,,-0.029905443593777892
2210,0.02,commit,,-0.07847906606168964
2210,0.02,commit,,-0.2952678633800046
2210,0.02,commit,,-0.1825989739745294
2210,0.02,commit,,-0.10028312323134729
2210,0.02,commit,,-0.01053667244895797
2210,0.02,commit,,-0.021366993471038046
2210,0.02,commit,,-0.06438289772425522
2210,0.02,commit,,-0.1323676394132067
2210,0.02,commit,,-0.13197957167420746
2210,0.02,commit,,-0.06411315548881373
2210,0.02,commit,,-0.02123797757925602
2210,0.02,commit,,-0.010722356309488892
2210,0.02,commit,,-0.10077324621471692
2210,0.02,commit,,-0.1834928893354843
2210,0.02,commit,,-0.29653300657002435
2210,0.02,commit,,-0.0782541361563353
2210,0.02,commit,,-0.029807728428969386
2210,0.02,commit,,-0.006507406787546096
2210,0.02,commit,,-0.0357246464171647
2210,0.02,commit,,-0.16648037561029158
2210,0.02,commit,,-0.27319574589894663
2210,0.02,commit,,-0.41951627854628576
2210,0.02,commit,,-0.040705489139553803
2210,0.02,commit,,-0.011710162197237356
2210,0.02,commit,,-0.0081805715764951
2210,0.02,commit,,-0.0780242919891263
2210,0.02,commit,,-0.25271203455703906
2210,0.02,commit,,-0.39142260660561745
2210,0.02,commit,,-0.5834883026469361
2210,0.04,clean,,-0.6206174238860332
2210,0.04,clean,,-0.4300104221172883
2210,0.04,clean,,-0.2925599793062019
2210,0.04,clean,,-0.11974239932171221
2210,0.04,clean,,-0.05130316165080339
2210,0.04,clean,,-0.055558605473745706
2210,0.04,clean,,-0.08532300702670956
2210,0.04,clean,,-0.45745838155721313
2210,0.04,clean,,-0.3122940740575693
2210,0.04,clean,,-0.2065889112554439
2210,0.04,clean,,-0.07721017116809324
2210,0.04,clean,,-0.04934299470211836
2210,0.04,clean,,-0.07335069898181912
2210,0.04,clean,,-0.12255643706868341
2210,0.04,clean,,-0.3349033719326531
2210,0.04,clean,,-0.22276726869569938
2210,0.04,clean,,-0.14069578505498395
2210,0.04,clean,,-0.05195355019268281
2210,0.04,clean,,-0.06376986555713964
2210,0.04,clean,,-0.10733975482402719
2210,0.04,clean,,-0.17579752802170828
2210,0.04,clean,,-0.17062062070421904
2210,0.04,clean,,-0.10328415861856416
2210,0.04,clean,,-0.060883656825569114
2210,0.04,clean,,-0.051235790324318756
2210,0.04,clean,,-0.142218348853578
2210,0.04,clean,,-0.22438821093293582
2210,0.04,clean,,-0.3371200235308084
2210,0.04,clean,,-0.11660072857262424
2210,0.04,clean,,-0.06863565512783971
2210,0.04,clean,,-0.04576863764429426
2210,0.04,clean,,-0.07579956380774404
2210,0.04,clean,,-0.20677485729020495
2210,0.04,clean,,-0.31346388172520107
2210,0.04,clean,,-0.4598567246255682
2210,0.04,clean,,-0.07876239171015025
2210,0.04,clean,,-0.05020326670598198
2210,0.04,clean,,-0.04707047491355784
2210,0.04,clean,,-0.11769041865159284
2210,0.04,clean,,-0.2926359301286275
2210,0.04,clean,,-0.4314418323393208
2210,0.04,clean,14,-0.6241788448959421
2210,0.04,poison,5,-1.487187496637638
2210,0.04,poison,11,-1.2879622645470201
2210,0.04,poison,12,-1.1469911382462576
2210,0.04,poison,,-0.9740251085824807
2210,0.04,poison,,-0.8916712999907681
2210,0.04,poison,,-0.8893088076334289
2210,0.04,poison,,-0.9128432461918696
2210,0.04,poison,10,-1.3223057904450504
2210,0.04,poison,11,-1.1734801009659857
2210,0.04,poison,13,-1.0661838967727157
2210,0.04,poison,,-0.9329449957992723
2210,0.04,poison,,-0.8909145452839121
2210,0.04,poison,,-0.908616369130878
2210,0.04,poison,,-0.951834563879412
2210,0.04,poison,10,-1.200609456737131
2210,0.04,poison,11,-1.086527513659632
2210,0.04,poison,,-1.005026455197353
2210,0.04,poison,,-0.9085283296106407
2210,0.04,poison,,-0.906906341908734
2210,0.04,poison,,-0.9444256873125025
2210,0.04,poison,,-1.0072548022868928
2210,0.04,poison,10,-1.0486997556310154
2210,0.04,poison,,-0.9818863032734093
2210,0.04,poison,,-0.9347475577665655
2210,0.04,poison,,-0.9105202550192742
2210,0.04,poison,,-0.9891876563505375
2210,0.04,poison,,-1.06684997491664
2210,0.04,poison,,-1.1699091147380436
2210,0.04,poison,11,-1.000599530598944
2210,0.04,poison,,-0.9515884849630324
2210,0.04,poison,,-0.920621500040651
2210,0.04,poison,,-0.9367466654303074
2210,0.04,poison,,-1.0565602072322196
2210,0.04,poison,,-1.1551776901653446
2210,0.04,poison,,-1.2851019642334756
2210,0.04,poison,,-0.9711330286462341
2210,0.04,poison,,-0.9339286353250749
2210,0.04,poison,,-0.9230796347688852
2210,0.04,poison,,-0.9803845636022814
2210,0.04,poison,,-1.1428846098829746
2210,0.04,poison,,-1.2641378656899511
2210,0.04,poison,,-1.4376420548944866
2210,0.04,freeze,,-0.580621654876358
2210,0.04,freeze,,-0.4089667761193023
2210,0.04,freeze,,-0.27761638233049174
2210,0.04,freeze,,-0.09714507255813115
2210,0.04,freeze,,-0.029004470859259945
2210,0.04,freeze,,-0.019579359718076454
2210,0.04,freeze,,-0.05526099984633106
2210,0.04,freeze,,-0.43474650706774914
2210,0.04,freeze,,-0.2976366617016786
2210,0.04,freeze,,-0.19076514485397889
2210,0.04,freeze,,-0.04777628610288465
2210,0.04,freeze,,-0.011477908227665198
2210,0.04,freeze,,-0.04152685790859659
2210,0.04,freeze,,-0.09895583843183406
2210,0.04,freeze,,-0.3202916172703
2210,0.04,freeze,,-0.2084567977983909
2210,0.04,freeze,,-0.1225844265783481
2210,0.04,freeze,,-0.015193583816603292
2210,0.04,freeze,,-0.03005676123883619
2210,0.04,freeze,,-0.08233636665886093
2210,0.04,freeze,,-0.15722502030192512
2210,0.04,freeze,,-0.15722502030192512
2210,0.04,freeze,,-0.08233636665886093
2210,0.04,freeze,,-0.03005676123883619
2210,0.04,freeze,,-0.015193583816603292
2210,0.04,freeze,,-0.1225844265783481
2210,0.04,freeze,,-0.2084567977983909
2210,0.04,freeze,,-0.3202916172703
2210,0.04,freeze,,-0.09895583843183406
2210,0.04,freeze,,-0.04152685790859659
2210,0.04,freeze,,-0.011477908227665198
2210,0.04,freeze,,-0.04777628610288465
2210,0.04,freeze,,-0.19076514485397889
2210,0.04,freeze,,-0.2976366617016786
2210,0.04,freeze,,-0.43474650706774914
2210,0.04,freeze,,-0.05526099984633106
2210,0.04,freeze,,-0.019579359718076454
2210,0.04,freeze,,-0.029004470859259945
2210,0.04,freeze,,-0.09714507255813115
2210,0.04,freeze,,-0.27761638233049174
2210,0.04,freeze,,-0.4089667761193023
2210,0.04,freeze,,-0.580621654876358
2210,0.04,commit,,-0.5818231991918505
2210,0.04,commit,,-0.38994768068345764
2210,0.04,commit,,-0.25153153561550057
2210,0.04,commit,,-0.07733445074804719
2210,0.04,commit,,-0.03889258833840879
2210,0.04,commit,,-0.011509490242925165
2210,0.04,commit,,-0.040653340866546525
2210,0.04,commit,,-0.4180459477359277
2210,0.04,commit,,-0.2720185129174032
2210,0.04,commit,,-0.16562249587001426
2210,0.04,commit,,-0.035199580282022
2210,0.04,commit,,-0.006314798011141646
2210,0.04,commit,,-0.02977521077862892
2210,0.04,commit,,-0.07836650185554234
2210,0.04,commit,,-0.29511049782250015
2210,0.04,commit,,-0.1824335846399175
2210,0.04,commit,,-0.10011248386202931
2210,0.04,commit,,-0.010371419304794864
2210,0.04,commit,,-0.021224150948926337
2210,0.04,commit,,-0.06425808880754774
2210,0.04,commit,,-0.13226522508813288
2210,0.04,commit,,-0.13177584546265317
2210,0.04,commit,,-0.0639121717779103
2210,0.04,commit,,-0.021042940849581134
2210,0.04,commit,,-0.010551244738487042
2210,0.04,commit,,-0.10064388474413698
2210,0.04,commit,,-0.18338662479105938
2210,0.04,commit,,-0.2964570206244057
2210,0.04,commit,,-0.07803535915193195
2210,0.04,commit,,-0.029595957523384012
2210,0.04,commit,,-0.006306160498433863
2210,0.04,commit,,-0.03555693205265408
2210,0.04,commit,,-0.16636384460077494
2210,0.04,commit,,-0.2731096199930904
2210,0.04,commit,,-0.4194698119810642
2210,0.04,commit,,-0.04047580945835177
2210,0.04,commit,,-0.011491991637676197
2210,0.04,commit,,-0.007977638339762946
2210,0.04,commit,,-0.077864476331609
2210,0.04,commit,,-0.25261047417617616
2210,0.04,commit,,-0.39136046605847574
2210,0.04,commit,,-0.5834768076038623
2211,0.005,clean,5,-0.9043047169763103
2211,0.005,clean,14,-0.7257206337283267
2211,0.005,clean,,-0.6009673924714792
2211,0.005,clean,,-0.45524921479514047
2211,0.005,clean,,-0.39960526552141223
2211,0.005,clean,,-0.4110211319471842
2211,0.005,clean,,-0.44838086864903237
2211,0.005,clean,12,-0.7489892210240813
2211,0.005,clean,,-0.6158640919782835
2211,0.005,clean,,-0.5228862042244798
2211,0.005,clean,,-0.4130941935966778
2211,0.005,clean,,-0.39881465743797534
2211,0.005,clean,,-0.4303681287391493
2211,0.005,clean,,-0.4875431447436334
2211,0.005,clean,,-0.6344278600147516
2211,0.005,clean,,-0.5337243959275846
2211,0.005,clean,,-0.4623528659853005
2211,0.005,clean,,-0.3886560223464785
2211,0.005,clean,,-0.41489732658088685
2211,0.005,clean,,-0.4664190616459267
2211,0.005,clean,,-0.5434048353657388
2211,0.005,clean,,-0.479996434613239
2211,0.005,clean,,-0.4229754158087281
2211,0.005,clean,,-0.3866038584870843
2211,0.005,clean,,-0.390937916115625
2211,0.005,clean,,-0.49816809200107254
2211,0.005,clean,,-0.5903315026015509
2211,0.005,clean,,-0.7105945420490717
2211,0.005,clean,,-0.43115417696553965
2211,0.005,clean,,-0.3890330742918395
2211,0.005,clean,,-0.3727015809108644
2211,0.005,clean,,-0.41772776377244225
2211,0.005,clean,,-0.566653760678504
2211,0.005,clean,,-0.6808329671987084
2211,0.005,clean,,-0.8363313549956077
2211,0.005,clean,,-0.393928530853159
2211,0.005,clean,,-0.37174581638467463
2211,0.005,clean,,-0.3756849349928127
2211,0.005,clean,,-0.46237339419441414
2211,0.005,clean,,-0.6546510630632897
2211,0.005,clean,,-0.8021341155837771
2211,0.005,clean,,-1.005684600258371
2211,0.005,poison,5,-1.826911824096276
2211,0.005,poison,10,-1.627872198307672
2211,0.005,poison,11,-1.4885138378477194
2211,0.005,poison,,-1.3165008712756292
2211,0.005,poison,,-1.236744347073144
2211,0.005,poison,,-1.233683756411557
2211,0.005,poison,,-1.2567067476072915
2211,0.005,poison,10,-1.6616286738497943
2211,0.005,poison,10,-1.5128418988401242
2211,0.005,poison,11,-1.4065572944474651
2211,0.005,poison,,-1.279828669415114
2211,0.005,poison,,-1.236036934704626
2211,0.005,poison,,-1.2531678547733798
2211,0.005,poison,,-1.29599030661111
2211,0.005,poison,9,-1.539823970542165
2211,0.005,poison,10,-1.4279811092096535
2211,0.005,poison,11,-1.349422088315695
2211,0.005,poison,,-1.255269532350001
2211,0.005,poison,,-1.2521587312023543
2211,0.005,poison,,-1.289225865563506
2211,0.005,poison,,-1.351768637078714
2211,0.005,poison,9,-1.3926531269860363
2211,0.005,poison,10,-1.3267860019473396
2211,0.005,poison,,-1.2832909113510789
2211,0.005,poison,,-1.25721228659937
2211,0.005,poison,,-1.3348890270729428
2211,0.005,poison,,-1.4123233761972183
2211,0.005,poison,,-1.515306441736001
2211,0.005,poison,8,-1.346551585114604
2211,0.005,poison,,-1.301090806461339
2211,0.005,poison,,-1.268959701386945
2211,0.005,poison,,-1.2835020512940816
2211,0.005,poison,,-1.4025634696665568
2211,0.005,poison,,-1.5010635284458616
2211,0.005,poison,,-1.6266852843958721
2211,0.005,poison,8,-1.320276887139022
2211,0.005,poison,,-1.2831366134914652
2211,0.005,poison,,-1.271265541309745
2211,0.005,poison,,-1.3272484959218322
2211,0.005,poison,,-1.489235037919976
2211,0.005,poison,,-1.6098384749903958
2211,0.005,poison,,-1.77537304176711
2211,0.005,freeze,,-0.580621654876358
2211,0.005,freeze,,-0.4089667761193023
2211,0.005,freeze,,-0.27761638233049174
2211,0.005,freeze,,-0.09714507255813115
2211,0.005,freeze,,-0.029004470859259945
2211,0.005,freeze,,-0.019579359718076454
2211,0.005,freeze,,-0.05526099984633106
2211,0.005,freeze,,-0.43474650706774914
2211,0.005,freeze,,-0.2976366617016786
2211,0.005,freeze,,-0.19076514485397889
2211,0.005,freeze,,-0.04777628610288465
2211,0.005,freeze,,-0.011477908227665198
2211,0.005,freeze,,-0.04152685790859659
2211,0.005,freeze,,-0.09895583843183406
2211,0.005,freeze,,-0.3202916172703
2211,0.005,freeze,,-0.2084567977983909
2211,0.005,freeze,,-0.1225844265783481
2211,0.005,freeze,,-0.015193583816603292
2211,0.005,freeze,,-0.03005676123883619
2211,0.005,freeze,,-0.08233636665886093
2211,0.005,freeze,,-0.15722502030192512
2211,0.005,freeze,,-0.15722502030192512
2211,0.005,freeze,,-0.08233636665886093
2211,0.005,freeze,,-0.03005676123883619
2211,0.005,freeze,,-0.015193583816603292
2211,0.005,freeze,,-0.1225844265783481
2211,0.005,freeze,,-0.2084567977983909
2211,0.005,freeze,,-0.3202916172703
2211,0.005,freeze,,-0.09895583843183406
2211,0.005,freeze,,-0.04152685790859659
2211,0.005,freeze,,-0.011477908227665198
2211,0.005,freeze,,-0.04777628610288465
2211,0.005,freeze,,-0.19076514485397889
2211,0.005,freeze,,-0.2976366617016786
2211,0.005,freeze,,-0.43474650706774914
2211,0.005,freeze,,-0.05526099984633106
2211,0.005,freeze,,-0.019579359718076454
2211,0.005,freeze,,-0.029004470859259945
2211,0.005,freeze,,-0.09714507255813115
2211,0.005,freeze,,-0.27761638233049174
2211,0.005,freeze,,-0.4089667761193023
2211,0.005,freeze,,-0.580621654876358
2211,0.005,commit,,-0.582512629074898
2211,0.005,commit,,-0.39066444294522046
2211,0.005,commit,,-0.2522862596819944
2211,0.005,commit,,-0.07814699323807331
2211,0.005,commit,,-0.03978743231760402
2211,0.005,commit,,-0.012373146515749557
2211,0.005,commit,,-0.04153414440475563
2211,0.005,commit,,-0.41876204972917197
2211,0.005,commit,,-0.27277178643496786
2211,0.005,commit,,-0.1663857981564325
2211,0.005,commit,,-0.03602574621441933
2211,0.005,commit,,-0.0071758315707035085
2211,0.005,commit,,-0.030654167105325494
2211,0.005,commit,,-0.07926276128163103
2211,0.005,commit,,-0.2958287250862199
2211,0.005,commit,,-0.183195579244377
2211,0.005,commit,,-0.10092219750874402
2211,0.005,commit,,-0.011212313487355808
2211,0.005,commit,,-0.022101251666889175
2211,0.005,commit,,-0.06515347663786085
2211,0.005,commit,,-0.1331780451158098
2211,0.005,commit,,-0.1325862620270687
2211,0.005,commit,,-0.06473455561960675
2211,0.005,commit,,-0.021880150508814724
2211,0.005,commit,,-0.011424013499160291
2211,0.005,commit,,-0.10155562195753538
2211,0.005,commit,,-0.18432963770977365
2211,0.005,commit,,-0.297430712975068
2211,0.005,commit,,-0.078857288115644
2211,0.005,commit,,-0.0304314554497333
2211,0.005,commit,,-0.007157890139337749
2211,0.005,commit,,-0.036446470896078775
2211,0.005,commit,,-0.16729371273830462
2211,0.005,commit,,-0.2740691136952602
2211,0.005,commit,,-0.4204565213391908
2211,0.005,commit,,-0.04130951403131375
2211,0.005,commit,,-0.012340864655342666
2211,0.005,commit,,-0.008844166913242944
2211,0.005,commit,,-0.07877109356752446
2211,0.005,commit,,-0.25356585203699217
2211,0.005,commit,,-0.3923427732244998
2211,0.005,commit,,-0.5844809158818463
2211,0.02,clean,5,-0.8661285428566964
2211,0.02,clean,,-0.6880288701979771
2211,0.02,clean,,-0.5639022075190835
2211,0.02,clean,,-0.41990380170402014
2211,0.02,clean,,-0.36639984535580666
2211,0.02,clean,,-0.379087234557514
2211,0.02,clean,,-0.41785998612117353
2211,0.02,clean,13,-0.7105824738313894
2211,0.02,clean,,-0.5778957048244869
2211,0.02,clean,,-0.4854654986605569
2211,0.02,clean,,-0.377301776271684
2211,0.02,clean,,-0.36534594607889054
2211,0.02,clean,,-0.3982671587564963
2211,0.02,clean,,-0.45695377110467267
2211,0.02,clean,,-0.5955977954742976
2211,0.02,clean,,-0.49550192253823366
2211,0.02,clean,,-0.4246286815248896
2211,0.02,clean,,-0.3525699194936428
2211,0.02,clean,,-0.38132664991381965
2211,0.02,clean,,-0.43431658127427786
2211,0.02,clean,,-0.5129171277215987
2211,0.02,clean,,-0.4402826217671706
2211,0.02,clean,,-0.38341959747340437
2211,0.02,clean,,-0.3480467418373957
2211,0.02,clean,,-0.35475739173421844
2211,0.02,clean,,-0.46491682763384456
2211,0.02,clean,,-0.5587662243734669
2211,0.02,clean,,-0.6814458456817085
2211,0.02,clean,,-0.3905398506238946
2211,0.02,clean,,-0.34939403091709276
2211,0.02,clean,,-0.3341578448750975
2211,0.02,clean,,-0.38176856146074944
2211,0.02,clean,,-0.533849938109242
2211,0.02,clean,,-0.6504949429688243
2211,0.02,clean,,-0.8088928709150253
2211,0.02,clean,,-0.35331099630753043
2211,0.02,clean,,-0.3322010970877265
2211,0.02,clean,,-0.3373386447532863
2211,0.02,clean,,-0.4268335625786879
2211,0.02,clean,,-0.622647117627114
2211,0.02,clean,,-0.7736062433783734
2211,0.02,clean,,-0.9806377280356439
2211,0.02,poison,5,-1.7574592963663946
2211,0.02,poison,10,-1.575007449034886
2211,0.02,poison,11,-1.4491198506651106
2211,0.02,poison,,-1.2988851410730997
2211,0.02,poison,,-1.2382444184247698
2211,0.02,poison,,-1.243185861789759
2211,0.02,poison,,-1.2741278723476213
2211,0.02,poison,10,-1.6001896191163252
2211,0.02,poison,10,-1.4653260451633485
2211,0.02,poison,11,-1.3711310358764357
2211,0.02,poison,,-1.2656683386793668
2211,0.02,poison,,-1.2381313546181048
2211,0.02,poison,,-1.263227127844128
2211,0.02,poison,,-1.3139639182587584
2211,0.02,poison,10,-1.4860116996240929
2211,0.02,poison,10,-1.3859869915343983
2211,0.02,poison,,-1.317909162729405
2211,0.02,poison,,-1.2416624796842914
2211,0.02,poison,,-1.2547221777468625
2211,0.02,poison,,-1.2997639522317916
2211,0.02,poison,,-1.370258156479097
2211,0.02,poison,9,-1.346663636640379
2211,0.02,poison,,-1.2894587343676986
2211,0.02,poison,,-1.2537158690129708
2211,0.02,poison,,-1.2442783802875728
2211,0.02,poison,,-1.338243856995456
2211,0.02,poison,,-1.4237935045206158
2211,0.02,poison,117,-1.534912267307006
2211,0.02,poison,9,-1.3015506349385704
2211,0.02,poison,,-1.2631281974566264
2211,0.02,poison,,-1.2395669583214508
2211,0.02,poison,,-1.2708185911188334
2211,0.02,poison,,-1.4063505186375957
2211,0.02,poison,118,-1.5130896480778626
2211,0.02,poison,111,-1.6486532317048197
2211,0.02,poison,9,-1.2749766170117007
2211,0.02,poison,,-1.2452654437924575
2211,0.02,poison,,-1.2419939718749058
2211,0.02,poison,,-1.3148408195111494
2211,0.02,poison,118,-1.4935516360825996
2211,0.02,poison,113,-1.6225499126947776
2211,0.02,poison,103,-1.8022638317445805
2211,0.02,freeze,,-0.580621654876358
2211,0.02,freeze,,-0.4089667761193023
2211,0.02,freeze,,-0.27761638233049174
2211,0.02,freeze,,-0.09714507255813115
2211,0.02,freeze,,-0.029004470859259945
2211,0.02,freeze,,-0.019579359718076454
2211,0.02,freeze,,-0.05526099984633106
2211,0.02,freeze,,-0.43474650706774914
2211,0.02,freeze,,-0.2976366617016786
2211,0.02,freeze,,-0.19076514485397889
2211,0.02,freeze,,-0.04777628610288465
2211,0.02,freeze,,-0.011477908227665198
2211,0.02,freeze,,-0.04152685790859659
2211,0.02,freeze,,-0.09895583843183406
2211,0.02,freeze,,-0.3202916172703
2211,0.02,freeze,,-0.2084567977983909
2211,0.02,freeze,,-0.1225844265783481
2211,0.02,freeze,,-0.015193583816603292
2211,0.02,freeze,,-0.03005676123883619
2211,0.02,freeze,,-0.08233636665886093
2211,0.02,freeze,,-0.15722502030192512
2211,0.02,freeze,,-0.15722502030192512
2211,0.02,freeze,,-0.08233636665886093
2211,0.02,freeze,,-0.03005676123883619
2211,0.02,freeze,,-0.015193583816603292
2211,0.02,freeze,,-0.1225844265783481
2211,0.02,freeze,,-0.2084567977983909
2211,0.02,freeze,,-0.3202916172703
2211,0.02,freeze,,-0.09895583843183406
2211,0.02,freeze,,-0.04152685790859659
2211,0.02,freeze,,-0.011477908227665198
2211,0.02,freeze,,-0.04777628610288465
2211,0.02,freeze,,-0.19076514485397889
2211,0.02,freeze,,-0.2976366617016786
2211,0.02,freeze,,-0.43474650706774914
2211,0.02,freeze,,-0.05526099984633106
2211,0.02,freeze,,-0.019579359718076454
2211,0.02,freeze,,-0.029004470859259945
2211,0.02,freeze,,-0.09714507255813115
2211,0.02,freeze,,-0.27761638233049174
2211,0.02,freeze,,-0.4089667761193023
2211,0.02,freeze,,-0.580621654876358
2211,0.02,commit,,-0.5825294579341601
2211,0.02,commit,,-0.3906757791405588
2211,0.02,commit,,-0.25229841147355875
2211,0.02,commit,,-0.07816727119645188
2211,0.02,commit,,-0.04002547055882824
2211,0.02,commit,,-0.012424855265216785
2211,0.02,commit,,-0.0416071926595841
2211,0.02,commit,,-0.4187640645538888
2211,0.02,commit,,-0.27277102880565673
2211,0.02,commit,,-0.16637678014935836
2211,0.02,commit,,-0.036033613504021074
2211,0.02,commit,,-0.007210284441355214
2211,0.02,commit,,-0.0307102832051246
2211,0.02,commit,,-0.07934587611597026
2211,0.02,commit,,-0.2958058952003469
2211,0.02,commit,,-0.18317410255721078
2211,0.02,commit,,-0.10090672287442834
2211,0.02,commit,,-0.011212877820367954
2211,0.02,commit,,-0.022139892232777146
2211,0.02,commit,,-0.065219538510686
2211,0.02,commit,,-0.13327670260030408
2211,0.02,commit,,-0.13253108087308446
2211,0.02,commit,,-0.06468598670566189
2211,0.02,commit,,-0.021842908002615197
2211,0.02,commit,,-0.011425627562899669
2211,0.02,commit,,-0.10161869862207433
2211,0.02,commit,,-0.1844298538832603
2211,0.02,commit,,-0.29757701254145397
2211,0.02,commit,,-0.0787878054756272
2211,0.02,commit,,-0.030373995198165322
2211,0.02,commit,,-0.007117471968162867
2211,0.02,commit,,-0.03645673841351627
2211,0.02,commit,,-0.16737694464200964
2211,0.02,commit,,-0.2741981291503572
2211,0.02,commit,,-0.4206425012285378
2211,0.02,commit,,-0.041230979101779204
2211,0.02,commit,,-0.012280033627778904
2211,0.02,commit,,-0.008806260789148212
2211,0.02,commit,,-0.0787957336932796
2211,0.02,commit,,-0.2536748614773941
2211,0.02,commit,,-0.392508091463144
2211,0.02,commit,,-0.5847158770787282
2211,0.04,clean,5,-0.8307841807396663
2211,0.04,clean,,-0.6534444973866411
2211,0.04,clean,,-0.5306253581082853
2211,0.04,clean,,-0.39062204012745905
2211,0.04,clean,,-0.34107629004128104
2211,0.04,clean,,-0.35621375086848805
2211,0.04,clean,,-0.3977590351861617
2211,0.04,clean,,-0.6747943769190277
2211,0.04,clean,,-0.54299455905595
2211,0.04,clean,,-0.4518487819827515
2211,0.04,clean,,-0.3470410801158327
2211,0.04,clean,,-0.33945924534286837
2211,0.04,clean,,-0.3750428544161297
2211,0.04,clean,,-0.43671702491017556
2211,0.04,clean,,-0.5591890116729771
2211,0.04,clean,,-0.4598576622711517
2211,0.04,clean,,-0.3902698951089825
2211,0.04,clean,,-0.32168218369291546
2211,0.04,clean,,-0.35523887317920905
2211,0.04,clean,,-0.4111102440162202
2211,0.04,clean,,-0.492921427088775
2211,0.04,clean,,-0.4023844851978178
2211,0.04,clean,,-0.34620575328705944
2211,0.04,clean,,-0.3125886146025504
2211,0.04,clean,,-0.3237231435098872
2211,0.04,clean,,-0.43958658706452736
2211,0.04,clean,,-0.536787771221068
2211,0.04,clean,,-0.6638520724560365
2211,0.04,clean,,-0.3514961509080224
2211,0.04,clean,,-0.3120260108796762
2211,0.04,clean,,-0.2987623411449169
2211,0.04,clean,,-0.3512544785782389
2211,0.04,clean,,-0.5095298439435964
2211,0.04,clean,,-0.6306100024219531
2211,0.04,clean,,-0.7943723764130657
2211,0.04,clean,,-0.31428636152985434
2211,0.04,clean,,-0.2950714407665984
2211,0.04,clean,,-0.3024101137844522
2211,0.04,clean,,-0.39727170098015807
2211,0.04,clean,,-0.6006977248346457
2211,0.04,clean,,-0.7569683503349921
2211,0.04,clean,,-0.9705574043937149
2211,0.04,poison,5,-1.6873399826529292
2211,0.04,poison,10,-1.52119157490253
2211,0.04,poison,11,-1.4070529830622942
2211,0.04,poison,,-1.281064216038708
2211,0.04,poison,116,-1.2409810692890753
2211,0.04,poison,114,-1.2547256325050127
2211,0.04,poison,110,-1.2946397461624362
2211,0.04,poison,10,-1.539123782047678
2211,0.04,poison,10,-1.4170890189289536
2211,0.04,poison,12,-1.3346050253894346
2211,0.04,poison,119,-1.2510561666191644
2211,0.04,poison,115,-1.2409298677141853
2211,0.04,poison,111,-1.274952944098884
2211,0.04,poison,108,-1.3348124190366988
2211,0.04,poison,10,-1.4314784921096397
2211,0.04,poison,10,-1.3425915596814797
2211,0.04,poison,,-1.2848155062497455
2211,0.04,poison,118,-1.227011431382045
2211,0.04,poison,112,-1.257728907932203
2211,0.04,poison,109,-1.311864482485221
2211,0.04,poison,104,-1.3916721218288617
2211,0.04,poison,10,-1.2984526639113163
2211,0.04,poison,,-1.2496487239351641
2211,0.04,poison,119,-1.2216736819077343
2211,0.04,poison,114,-1.2299784219870298
2211,0.04,poison,107,-1.3423607060078866
2211,0.04,poison,102,-1.4374610729429247
2211,0.04,poison,96,-1.5583961718646424
2211,0.04,poison,,-1.2538828840055152
2211,0.04,poison,,-1.2223393318916282
2211,0.04,poison,118,-1.2076585466658423
2211,0.04,poison,112,-1.2570483573387234
2211,0.04,poison,104,-1.411505427915997
2211,0.04,poison,98,-1.5280867791940822
2211,0.04,poison,89,-1.675730093978186
2211,0.04,poison,,-1.2253820020121604
2211,0.04,poison,118,-1.204658591367226
2211,0.04,poison,116,-1.2104640173412813
2211,0.04,poison,110,-1.3019348653726863
2211,0.04,poison,99,-1.5001665837840021
2211,0.04,poison,92,-1.6407284319676676
2211,0.04,poison,79,-1.836424324651164
2211,0.04,freeze,,-0.580621654876358
2211,0.04,freeze,,-0.4089667761193023
2211,0.04,freeze,,-0.27761638233049174
2211,0.04,freeze,,-0.09714507255813115
2211,0.04,freeze,,-0.029004470859259945
2211,0.04,freeze,,-0.019579359718076454
2211,0.04,freeze,,-0.05526099984633106
2211,0.04,freeze,,-0.43474650706774914
2211,0.04,freeze,,-0.2976366617016786
2211,0.04,freeze,,-0.19076514485397889
2211,0.04,freeze,,-0.04777628610288465
2211,0.04,freeze,,-0.011477908227665198
2211,0.04,freeze,,-0.04152685790859659
2211,0.04,freeze,,-0.09895583843183406
2211,0.04,freeze,,-0.3202916172703
2211,0.04,freeze,,-0.2084567977983909
2211,0.04,freeze,,-0.1225844265783481
2211,0.04,freeze,,-0.015193583816603292
2211,0.04,freeze,,-0.03005676123883619
2211,0.04,freeze,,-0.08233636665886093
2211,0.04,freeze,,-0.15722502030192512
2211,0.04,freeze,,-0.15722502030192512
2211,0.04,freeze,,-0.08233636665886093
2211,0.04,freeze,,-0.03005676123883619
2211,0.04,freeze,,-0.015193583816603292
2211,0.04,freeze,,-0.1225844265783481
2211,0.04,freeze,,-0.2084567977983909
2211,0.04,freeze,,-0.3202916172703
2211,0.04,freeze,,-0.09895583843183406
2211,0.04,freeze,,-0.04152685790859659
2211,0.04,freeze,,-0.011477908227665198
2211,0.04,freeze,,-0.04777628610288465
2211,0.04,freeze,,-0.19076514485397889
2211,0.04,freeze,,-0.2976366617016786
2211,0.04,freeze,,-0.43474650706774914
2211,0.04,freeze,,-0.05526099984633106
2211,0.04,freeze,,-0.019579359718076454
2211,0.04,freeze,,-0.029004470859259945
2211,0.04,freeze,,-0.09714507255813115
2211,0.04,freeze,,-0.27761638233049174
2211,0.04,freeze,,-0.4089667761193023
2211,0.04,freeze,,-0.580621654876358
2211,0.04,commit,,-0.5825654884661595
2211,0.04,commit,,-0.3906996639695986
2211,0.04,commit,,-0.2523195645912442
2211,0.04,commit,,-0.07819406627493276
2211,0.04,commit,,-0.04030933114793024
2211,0.04,commit,,-0.012487122486457714
2211,0.04,commit,,-0.04169509107851737
2211,0.04,commit,,-0.4187778798773815
2211,0.04,commit,,-0.2727773573802334
2211,0.04,commit,,-0.16637053964130102
2211,0.04,commit,,-0.03604420355926289
2211,0.04,commit,,-0.007251206669412974
2211,0.04,commit,,-0.030776969614684804
2211,0.04,commit,,-0.07944511366816712
2211,0.04,commit,,-0.2957871801029491
2211,0.04,commit,,-0.1831538027899019
2211,0.04,commit,,-0.10089131047248184
2211,0.04,commit,,-0.01121391576086988
2211,0.04,commit,,-0.022185313072180548
2211,0.04,commit,,-0.06529775810013946
2211,0.04,commit,,-0.13339432571941282
2211,0.04,commit,,-0.1324712075594185
2211,0.04,commit,,-0.06463192711118913
2211,0.04,commit,,-0.021800744071654932
2211,0.04,commit,,-0.011427830977012528
2211,0.04,commit,,-0.10169385063153562
2211,0.04,commit,,-0.1845498258465429
2211,0.04,commit,,-0.2977532067504687
2211,0.04,commit,,-0.07871092924099346
2211,0.04,commit,,-0.03030957337071616
2211,0.04,commit,,-0.0070719332440077505
2211,0.04,commit,,-0.036470006297059696
2211,0.04,commit,,-0.16747726817609768
2211,0.04,commit,,-0.2743539818182995
2211,0.04,commit,,-0.420868244662066
2211,0.04,commit,,-0.04114389203188502
2211,0.04,commit,,-0.012212348381485794
2211,0.04,commit,,-0.008764640752609805
2211,0.04,commit,,-0.07882742401191761
2211,0.04,commit,,-0.25380754107146314
2211,0.04,commit,,-0.3927093072105498
2211,0.04,commit,,-0.5850030870302759
2212,0.005,clean,15,-0.6023805785968548
2212,0.005,clean,,-0.41061486427457844
2212,0.005,clean,,-0.27249038410090515
2212,0.005,clean,,-0.09864551113774805
2212,0.005,clean,,-0.029105639047860375
2212,0.005,clean,,-0.03276713400513341
2212,0.005,clean,,-0.06185704856699983
2212,0.005,clean,,-0.4386086751034971
2212,0.005,clean,,-0.29291151382470154
2212,0.005,clean,,-0.18672947676838636
2212,0.005,clean,,-0.05672359236719649
2212,0.005,clean,,-0.027785842711317687
2212,0.005,clean,,-0.05119616742906814
2212,0.005,clean,,-0.09970979563703285
2212,0.005,clean,,-0.31601557242560596
2212,0.005,clean,,-0.20375725296955413
2212,0.005,clean,,-0.1219239298344567
2212,0.005,clean,,-0.03210587712136293
2212,0.005,clean,,-0.042872039818957285
2212,0.005,clean,,-0.08583399668622907
2212,0.005,clean,,-0.15373897810702852
2212,0.005,clean,,-0.15419425801064007
2212,0.005,clean,,-0.08623312894668032
2212,0.005,clean,,-0.043291575003817494
2212,0.005,clean,,-0.03267845373578614
2212,0.005,clean,,-0.12261039636543111
2212,0.005,clean,,-0.20528407341632873
2212,0.005,clean,,-0.31818728153530756
2212,0.005,clean,,-0.10066376655001753
2212,0.005,clean,,-0.05212443343341298
2212,0.005,clean,,-0.028754630364020133
2212,0.005,clean,,-0.05785710411289225
2212,0.005,clean,,-0.1884653404244679
2212,0.005,clean,,-0.29502109895455175
2212,0.005,clean,,-0.44110400982819536
2212,0.005,clean,,-0.06329781746405365
2212,0.005,clean,,-0.03420880828563682
2212,0.005,clean,,-0.030605088707753404
2212,0.005,clean,,-0.10031569772247124
2212,0.005,clean,,-0.27471824627901636
2212,0.005,clean,,-0.413166971889901
2212,0.005,clean,,-0.6048525412586341
2212,0.005,poison,5,-1.9571725877283135
2212,0.005,poison,10,-1.724781129998973
2212,0.005,poison,11,-1.5590025743244587
2212,0.005,poison,,-1.3486605184159401
2212,0.005,poison,,-1.237918813761901
2212,0.005,poison,,-1.2222721266808927
2212,0.005,poison,,-1.2333659033551347
2212,0.005,poison,10,-1.771783546444893
2212,0.005,poison,10,-1.5969526289780753
2212,0.005,poison,11,-1.4684909049361228
2212,0.005,poison,,-1.305453287189891
2212,0.005,poison,,-1.2351828126856337
2212,0.005,poison,,-1.2401427007750698
2212,0.005,poison,,-1.2713802049145555
2212,0.005,poison,9,-1.6351116680326145
2212,0.005,poison,10,-1.5009542618782015
2212,0.005,poison,11,-1.403495325643027
2212,0.005,poison,,-1.278754044977431
2212,0.005,poison,,-1.250033253215683
2212,0.005,poison,,-1.2752517541800392
2212,0.005,poison,,-1.3264777990124927
2212,0.005,poison,8,-1.4710054955352034
2212,0.005,poison,9,-1.389279500467542
2212,0.005,poison,,-1.3320976777495588
2212,0.005,poison,,-1.2788770192924774
2212,0.005,poison,,-1.3321256510000634
2212,0.005,poison,,-1.3981516620163694
2212,0.005,poison,,-1.490190325157655
2212,0.005,poison,8,-1.422168176235244
2212,0.005,poison,9,-1.363893632253964
2212,0.005,poison,,-1.317277779351601
2212,0.005,poison,,-1.3052680812268287
2212,0.005,poison,,-1.4002904959335445
2212,0.005,poison,,-1.4875316047665526
2212,0.005,poison,,-1.6010590923625496
2212,0.005,poison,7,-1.3937658092049336
2212,0.005,poison,8,-1.3458475102537792
2212,0.005,poison,,-1.3197997496148497
2212,0.005,poison,,-1.3496739247270475
2212,0.005,poison,,-1.4879195121989175
2212,0.005,poison,,-1.5973865064848254
2212,0.005,poison,,-1.748444052164146
2212,0.005,freeze,,-0.580621654876358
2212,0.005,freeze,,-0.4089667761193023
2212,0.005,freeze,,-0.27761638233049174
2212,0.005,freeze,,-0.09714507255813115
2212,0.005,freeze,,-0.029004470859259945
2212,0.005,freeze,,-0.019579359718076454
2212,0.005,freeze,,-0.05526099984633106
2212,0.005,freeze,,-0.43474650706774914
2212,0.005,freeze,,-0.2976366617016786
2212,0.005,freeze,,-0.19076514485397889
2212,0.005,freeze,,-0.04777628610288465
2212,0.005,freeze,,-0.011477908227665198
2212,0.005,freeze,,-0.04152685790859659
2212,0.005,freeze,,-0.09895583843183406
2212,0.005,freeze,,-0.3202916172703
2212,0.005,freeze,,-0.2084567977983909
2212,0.005,freeze,,-0.1225844265783481
2212,0.005,freeze,,-0.015193583816603292
2212,0.005,freeze,,-0.03005676123883619
2212,0.005,freeze,,-0.08233636665886093
2212,0.005,freeze,,-0.15722502030192512
2212,0.005,freeze,,-0.15722502030192512
2212,0.005,freeze,,-0.08233636665886093
2212,0.005,freeze,,-0.03005676123883619
2212,0.005,freeze,,-0.015193583816603292
2212,0.005,freeze,,-0.1225844265783481
2212,0.005,freeze,,-0.2084567977983909
2212,0.005,freeze,,-0.3202916172703
2212,0.005,freeze,,-0.09895583843183406
2212,0.005,freeze,,-0.04152685790859659
2212,0.005,freeze,,-0.011477908227665198
2212,0.005,freeze,,-0.04777628610288465
2212,0.005,freeze,,-0.19076514485397889
2212,0.005,freeze,,-0.2976366617016786
2212,0.005,freeze,,-0.43474650706774914
2212,0.005,freeze,,-0.05526099984633106
2212,0.005,freeze,,-0.019579359718076454
2212,0.005,freeze,,-0.029004470859259945
2212,0.005,freeze,,-0.09714507255813115
2212,0.005,freeze,,-0.27761638233049174
2212,0.005,freeze,,-0.4089667761193023
2212,0.005,freeze,,-0.580621654876358
2212,0.005,commit,,-0.5825119049189237
2212,0.005,commit,,-0.3906634118981549
2212,0.005,commit,,-0.2522789385235103
2212,0.005,commit,,-0.07812289666787707
2212,0.005,commit,,-0.03946167864786093
2212,0.005,commit,,-0.012303234644280221
2212,0.005,commit,,-0.041435294300881734
2212,0.005,commit,,-0.41877523526187627
2212,0.005,commit,,-0.2727829249760172
2212,0.005,commit,,-0.16640443481626527
2212,0.005,commit,,-0.03601666817049185
2212,0.005,commit,,-0.007128466479818557
2212,0.005,commit,,-0.03057706957595264
2212,0.005,commit,,-0.07914922575091482
2212,0.005,commit,,-0.2958718361430404
2212,0.005,commit,,-0.18323237376149343
2212,0.005,commit,,-0.10094761330265604
2212,0.005,commit,,-0.011212050325348954
2212,0.005,commit,,-0.02204747419683061
2212,0.005,commit,,-0.06506232727513833
2212,0.005,commit,,-0.13304305294211255
2212,0.005,commit,,-0.1326700112551577
2212,0.005,commit,,-0.06480637038445032
2212,0.005,commit,,-0.02193422547643955
2212,0.005,commit,,-0.011422194224145539
2212,0.005,commit,,-0.10146925379848305
2212,0.005,commit,,-0.18419320963389696
2212,0.005,commit,,-0.29723302040465654
2212,0.005,commit,,-0.07896066045318507
2212,0.005,commit,,-0.0305157592749589
2212,0.005,commit,,-0.007216877529888158
2212,0.005,commit,,-0.036433852746614974
2212,0.005,commit,,-0.16718136389248087
2212,0.005,commit,,-0.27389544226265167
2212,0.005,commit,,-0.4202076715480112
2212,0.005,commit,,-0.041426071187713846
2212,0.005,commit,,-0.01243082431379771
2212,0.005,commit,,-0.008900998262420079
2212,0.005,commit,,-0.07874060285488853
2212,0.005,commit,,-0.2534204946647772
2212,0.005,commit,,-0.3921223348740163
2212,0.005,commit,,-0.5841693360414767
2212,0.02,clean,15,-0.6070531212816161
2212,0.02,clean,,-0.415560817404416
2212,0.02,clean,,-0.2777207425982435
2212,0.02,clean,,-0.10430175541457588
2212,0.02,clean,,-0.03505601003719785
2212,0.02,clean,,-0.03888208073871103
2212,0.02,clean,,-0.06814675931013259
2212,0.02,clean,,-0.4432694501643129
2212,0.02,clean,,-0.297854629341073
2212,0.02,clean,,-0.19196237685157655
2212,0.02,clean,,-0.06239521585509511
2212,0.02,clean,,-0.033777165207981824
2212,0.02,clean,,-0.057365297574094885
2212,0.02,clean,,-0.10606668535877216
2212,0.02,clean,,-0.32086472572256497
2212,0.02,clean,,-0.20887978742165886
2212,0.02,clean,,-0.12732483056615845
2212,0.02,clean,,-0.03780113346613311
2212,0.02,clean,,-0.04891483045995507
2212,0.02,clean,,-0.09206843377401744
2212,0.02,clean,,-0.16017440839494548
2212,0.02,clean,,-0.15931392893572635
2212,0.02,clean,,-0.09149417208659655
2212,0.02,clean,,-0.048707705697898604
2212,0.02,clean,,-0.03844795131793374
2212,0.02,clean,,-0.1287872572561904
2212,0.02,clean,,-0.2116807283763004
2212,0.02,clean,,-0.32480541208408314
2212,0.02,clean,,-0.10577256758543124
2212,0.02,clean,,-0.057389530139991055
2212,0.02,clean,,-0.0341905075653593
2212,0.02,clean,,-0.06367856512768105
2212,0.02,clean,,-0.19472476985102147
2212,0.02,clean,,-0.3015053400165171
2212,0.02,clean,,-0.4478417241471396
2212,0.02,clean,,-0.06840354849184642
2212,0.02,clean,,-0.03948699555911058
2212,0.02,clean,,-0.036070696607940635
2212,0.02,clean,,-0.10620006695079239
2212,0.02,clean,,-0.2810631953521611
2212,0.02,clean,,-0.4197737442318514
2212,0.02,clean,,-0.6117502235341689
2212,0.02,poison,5,-1.8730368722785633
2212,0.02,poison,10,-1.6624544835229156
2212,0.02,poison,11,-1.5137505270694223
2212,0.02,poison,,-1.3279362799396268
2212,0.02,poison,,-1.2365739259959676
2212,0.02,poison,,-1.228744556068988
2212,0.02,poison,,-1.247169117810062
2212,0.02,poison,10,-1.7014722088876022
2212,0.02,poison,10,-1.5432326636157792
2212,0.02,poison,11,-1.429014611488552
2212,0.02,poison,,-1.2889473260023
2212,0.02,poison,,-1.2352566742929585
2212,0.02,poison,,-1.2477214922304587
2212,0.02,poison,,-1.286024352542087
2212,0.02,poison,9,-1.5742600783884897
2212,0.02,poison,10,-1.4545168784551261
2212,0.02,poison,11,-1.369153314863366
2212,0.02,poison,,-1.263766094327617
2212,0.02,poison,,-1.2509726931879883
2212,0.02,poison,,-1.2834440913506617
2212,0.02,poison,,-1.3415187491109501
2212,0.02,poison,9,-1.4213677544872994
2212,0.02,poison,10,-1.3498229961626165
2212,0.02,poison,,-1.3013627411402973
2212,0.02,poison,,-1.2651341158039637
2212,0.02,poison,,-1.333366104134636
2212,0.02,poison,,-1.4062697193117495
2212,0.02,poison,,-1.5048235010585893
2212,0.02,poison,8,-1.3744121737569215
2212,0.02,poison,10,-1.3243569959047246
2212,0.02,poison,,-1.2868816995485968
2212,0.02,poison,,-1.2913906054106197
2212,0.02,poison,,-1.4010507656953815
2212,0.02,poison,,-1.495023446237364
2212,0.02,poison,,-1.615259486615186
2212,0.02,poison,7,-1.3473874941773862
2212,0.02,poison,,-1.306368015362542
2212,0.02,poison,,-1.289215056541438
2212,0.02,poison,,-1.3352270877822752
2212,0.02,poison,,-1.4878176139929902
2212,0.02,poison,,-1.6038829531487517
2212,0.02,poison,,-1.7634364095965271
2212,0.02,freeze,,-0.580621654876358
2212,0.02,freeze,,-0.4089667761193023
2212,0.02,freeze,,-0.27761638233049174
2212,0.02,freeze,,-0.09714507255813115
2212,0.02,freeze,,-0.029004470859259945
2212,0.02,freeze,,-0.019579359718076454
2212,0.02,freeze,,-0.05526099984633106
2212,0.02,freeze,,-0.43474650706774914
2212,0.02,freeze,,-0.2976366617016786
2212,0.02,freeze,,-0.19076514485397889
2212,0.02,freeze,,-0.04777628610288465
2212,0.02,freeze,,-0.011477908227665198
2212,0.02,freeze,,-0.04152685790859659
2212,0.02,freeze,,-0.09895583843183406
2212,0.02,freeze,,-0.3202916172703
2212,0.02,freeze,,-0.2084567977983909
2212,0.02,freeze,,-0.1225844265783481
2212,0.02,freeze,,-0.015193583816603292
2212,0.02,freeze,,-0.03005676123883619
2212,0.02,freeze,,-0.08233636665886093
2212,0.02,freeze,,-0.15722502030192512
2212,0.02,freeze,,-0.15722502030192512
2212,0.02,freeze,,-0.08233636665886093
2212,0.02,freeze,,-0.03005676123883619
2212,0.02,freeze,,-0.015193583816603292
2212,0.02,freeze,,-0.1225844265783481
2212,0.02,freeze,,-0.2084567977983909
2212,0.02,freeze,,-0.3202916172703
2212,0.02,freeze,,-0.09895583843183406
2212,0.02,freeze,,-0.04152685790859659
2212,0.02,freeze,,-0.011477908227665198
2212,0.02,freeze,,-0.04777628610288465
2212,0.02,freeze,,-0.19076514485397889
2212,0.02,freeze,,-0.2976366617016786
2212,0.02,freeze,,-0.43474650706774914
2212,0.02,freeze,,-0.05526099984633106
2212,0.02,freeze,,-0.019579359718076454
2212,0.02,freeze,,-0.029004470859259945
2212,0.02,freeze,,-0.09714507255813115
2212,0.02,freeze,,-0.27761638233049174
2212,0.02,freeze,,-0.4089667761193023
2212,0.02,freeze,,-0.580621654876358
2212,0.02,commit,,-0.5825090698838478
2212,0.02,commit,,-0.39066190671601586
2212,0.02,commit,,-0.2522819510159315
2212,0.02,commit,,-0.0781367647206539
2212,0.02,commit,,-0.03965639363399297
2212,0.02,commit,,-0.012344898453574971
2212,0.02,commit,,-0.04149421629630881
2212,0.02,commit,,-0.4187650184662715
2212,0.02,commit,,-0.2727747874110777
2212,0.02,commit,,-0.1663923733949189
2212,0.02,commit,,-0.036021847127938295
2212,0.02,commit,,-0.0071568093988427705
2212,0.02,commit,,-0.03062319670834744
2212,0.02,commit,,-0.07921705775372644
2212,0.02,commit,,-0.295844329718508
2212,0.02,commit,,-0.1832092967598223
2212,0.02,commit,,-0.10093180100728086
2212,0.02,commit,,-0.011212133093880833
2212,0.02,commit,,-0.02207974923856616
2212,0.02,commit,,-0.06511691734761361
2212,0.02,commit,,-0.13312373638949607
2212,0.02,commit,,-0.1326187481627604
2212,0.02,commit,,-0.0647626631675516
2212,0.02,commit,,-0.02190144939365451
2212,0.02,commit,,-0.011423224589702621
2212,0.02,commit,,-0.10152088351599457
2212,0.02,commit,,-0.18427464848699807
2212,0.02,commit,,-0.29735081380269235
2212,0.02,commit,,-0.07889766159538532
2212,0.02,commit,,-0.030464540730222048
2212,0.02,commit,,-0.0071810826889394256
2212,0.02,commit,,-0.03644118503174861
2212,0.02,commit,,-0.16724828775202571
2212,0.02,commit,,-0.2739988239858081
2212,0.02,commit,,-0.42035558102520226
2212,0.02,commit,,-0.04135507572237167
2212,0.02,commit,,-0.012376073120740232
2212,0.02,commit,,-0.008866304902769412
2212,0.02,commit,,-0.07875835487787239
2212,0.02,commit,,-0.2535068161323328
2212,0.02,commit,,-0.39225324303445835
2212,0.02,commit,,-0.5843541097331822
2212,0.04,clean,15,-0.6057070071561736
2212,0.04,clean,,-0.4142821643538184
2212,0.04,clean,,-0.2764978557416256
2212,0.04,clean,,-0.10317804676473925
2212,0.04,clean,,-0.034034827827629614
2212,0.04,clean,,-0.03791860601545378
2212,0.04,clean,,-0.0672459254012009
2212,0.04,clean,,-0.4419335312946052
2212,0.04,clean,,-0.2965731722280614
2212,0.04,clean,,-0.1907288319021759
2212,0.04,clean,,-0.06125820685468471
2212,0.04,clean,,-0.03275196687178046
2212,0.04,clean,,-0.05640308302445221
2212,0.04,clean,,-0.10517258451292556
2212,0.04,clean,,-0.3195346290504469
2212,0.04,clean,,-0.20759048220181497
2212,0.04,clean,,-0.12607165411125695
2212,0.04,clean,,-0.03665398698461602
2212,0.04,clean,,-0.047889833351803614
2212,0.04,clean,,-0.09111200219712205
2212,0.04,clean,,-0.1592917436667295
2212,0.04,clean,,-0.15791923163160368
2212,0.04,clean,,-0.09015509978917587
2212,0.04,clean,,-0.04742626778371407
2212,0.04,clean,,-0.037292456929164074
2212,0.04,clean,,-0.12777656613594315
2212,0.04,clean,,-0.21075018649015922
2212,0.04,clean,,-0.32397421222164624
2212,0.04,clean,,-0.1043603187190513
2212,0.04,clean,,-0.05603727504237562
2212,0.04,clean,,-0.03290088817672846
2212,0.04,clean,,-0.06252609387792066
2212,0.04,clean,,-0.19372888831252186
2212,0.04,clean,,-0.30061344263522494
2212,0.04,clean,,-0.4470700576985827
2212,0.04,clean,,-0.06697792481764812
2212,0.04,clean,,-0.03812633024036978
2212,0.04,clean,,-0.0347781073581274
2212,0.04,clean,,-0.1050563029468884
2212,0.04,clean,,-0.280111035362571
2212,0.04,clean,,-0.41894618910906506
2212,0.04,clean,,-0.6110675989921552
2212,0.04,poison,5,-1.7735740562638402
2212,0.04,poison,10,-1.5873736159302225
2212,0.04,poison,11,-1.4587590664137826
2212,0.04,poison,,-1.3030364524294693
2212,0.04,poison,,-1.2377663109312342
2212,0.04,poison,,-1.2407531118348667
2212,0.04,poison,,-1.269738504577021
2212,0.04,poison,10,-1.6146222354814774
2212,0.04,poison,10,-1.47657029467331
2212,0.04,poison,11,-1.3795571728458063
2212,0.04,poison,,-1.2690245290492044
2212,0.04,poison,,-1.2375566962693783
2212,0.04,poison,,-1.2606924464505402
2212,0.04,poison,,-1.3094601117215372
2212,0.04,poison,10,-1.4987399554065197
2212,0.04,poison,10,-1.3959869804558527
2212,0.04,poison,13,-1.3254528386976918
2212,0.04,poison,,-1.2449379181548559
2212,0.04,poison,,-1.2540575442557584
2212,0.04,poison,,-1.2971232403429027
2212,0.04,poison,,-1.3656260836899154
2212,0.04,poison,9,-1.3576758574966548
2212,0.04,poison,,-1.298450693414236
2212,0.04,poison,,-1.2608784666196122
2212,0.04,poison,,-1.2474216933937845
2212,0.04,poison,,-1.3373629792512456
2212,0.04,poison,,-1.420875594947706
2212,0.04,poison,,-1.5299315017463526
2212,0.04,poison,9,-1.3123688730863015
2212,0.04,poison,,-1.2723008812604921
2212,0.04,poison,,-1.2466915352922356
2212,0.04,poison,,-1.2738790635470811
2212,0.04,poison,,-1.4053152676614402
2212,0.04,poison,,-1.5099734127541666
2212,0.04,poison,117,-1.6430102053096756
2212,0.04,poison,9,-1.2862125170579133
2212,0.04,poison,,-1.2544103783737492
2212,0.04,poison,,-1.2490691783539212
2212,0.04,poison,,-1.3177864435933688
2212,0.04,poison,,-1.4923116531701932
2212,0.04,poison,118,-1.619176341985108
2212,0.04,poison,109,-1.7952529879257364
2212,0.04,freeze,,-0.580621654876358
2212,0.04,freeze,,-0.4089667761193023
2212,0.04,freeze,,-0.27761638233049174
2212,0.04,freeze,,-0.09714507255813115
2212,0.04,freeze,,-0.029004470859259945
2212,0.04,freeze,,-0.019579359718076454
2212,0.04,freeze,,-0.05526099984633106
2212,0.04,freeze,,-0.43474650706774914
2212,0.04,freeze,,-0.2976366617016786
2212,0.04,freeze,,-0.19076514485397889
2212,0.04,freeze,,-0.04777628610288465
2212,0.04,freeze,,-0.011477908227665198
2212,0.04,freeze,,-0.04152685790859659
2212,0.04,freeze,,-0.09895583843183406
2212,0.04,freeze,,-0.3202916172703
2212,0.04,freeze,,-0.2084567977983909
2212,0.04,freeze,,-0.1225844265783481
2212,0.04,freeze,,-0.015193583816603292
2212,0.04,freeze,,-0.03005676123883619
2212,0.04,freeze,,-0.08233636665886093
2212,0.04,freeze,,-0.15722502030192512
2212,0.04,freeze,,-0.15722502030192512
2212,0.04,freeze,,-0.08233636665886093
2212,0.04,freeze,,-0.03005676123883619
2212,0.04,freeze,,-0.015193583816603292
2212,0.04,freeze,,-0.1225844265783481
2212,0.04,freeze,,-0.2084567977983909
2212,0.04,freeze,,-0.3202916172703
2212,0.04,freeze,,-0.09895583843183406
2212,0.04,freeze,,-0.04152685790859659
2212,0.04,freeze,,-0.011477908227665198
2212,0.04,freeze,,-0.04777628610288465
2212,0.04,freeze,,-0.19076514485397889
2212,0.04,freeze,,-0.2976366617016786
2212,0.04,freeze,,-0.43474650706774914
2212,0.04,freeze,,-0.05526099984633106
2212,0.04,freeze,,-0.019579359718076454
2212,0.04,freeze,,-0.029004470859259945
2212,0.04,freeze,,-0.09714507255813115
2212,0.04,freeze,,-0.27761638233049174
2212,0.04,freeze,,-0.4089667761193023
2212,0.04,freeze,,-0.580621654876358
2212,0.04,commit,,-0.5825240048354814
2212,0.04,commit,,-0.39067213509880017
2212,0.04,commit,,-0.252294841568644
2212,0.04,commit,,-0.07816195670187295
2212,0.04,commit,,-0.03996540431498652
2212,0.04,commit,,-0.012411761319880069
2212,0.04,commit,,-0.04158869987037211
2212,0.04,commit,,-0.4187626936080414
2212,0.04,commit,,-0.2727706734337879
2212,0.04,commit,,-0.1663787148304059
2212,0.04,commit,,-0.03603153695599817
2212,0.04,commit,,-0.007201602725852113
2212,0.04,commit,,-0.03069614003377861
2212,0.04,commit,,-0.07932489299374934
2212,0.04,commit,,-0.2958110133405492
2212,0.04,commit,,-0.18317912088558494
2212,0.04,commit,,-0.1009103980859564
2212,0.04,commit,,-0.011212707849443882
2212,0.04,commit,,-0.022130191008762273
2212,0.04,commit,,-0.06520291002355108
2212,0.04,commit,,-0.13325180827255353
2212,0.04,commit,,-0.13254455808622104
2212,0.04,commit,,-0.06469795177427659
2212,0.04,commit,,-0.021852136509306487
2212,0.04,commit,,-0.011425199206789171
2212,0.04,commit,,-0.10160278603749834
2212,0.04,commit,,-0.1844045289318989
2212,0.04,commit,,-0.29753996253198106
2212,0.04,commit,,-0.07880488804122886
2212,0.04,commit,,-0.03038818602121066
2212,0.04,commit,,-0.007127470862930219
2212,0.04,commit,,-0.03645407008688706
2212,0.04,commit,,-0.16735585992663496
2212,0.04,commit,,-0.27416542039152997
2212,0.04,commit,,-0.42059526915125783
2212,0.04,commit,,-0.041250302175951575
2212,0.04,commit,,-0.012295018160825566
2212,0.04,commit,,-0.008815556200896916
2212,0.04,commit,,-0.07878934154896836
2212,0.04,commit,,-0.253647149725718
2212,0.04,commit,,-0.39246606511728965
2212,0.04,commit,,-0.5846560534813232
