learner_seed,mechanism,learner_seeds,deployment_rollouts,violating_rollouts,violation_rate,violation_rate_ci95_low,violation_rate_ci95_high,completed_rollouts,completion_rate,median_first_violation_step,mean_reward,mean_reward_ci95_low,mean_reward_ci95_high,executed_steps,interventions,intervention_rate,rejections,rejection_rate,infeasible_steps,infeasible_rate,mean_action_correction,max_action_correction,mean_controller_latency_ms,median_controller_latency_ms,p95_controller_latency_ms,max_controller_latency_ms,actuator_saturation_steps,max_action_interface_error
pooled,clean_reinforce_snapshot,3,24,0,0.0,1.3877787807814457e-17,0.13797620467498017,24,1.0,,-0.023927698688289215,-0.03259937553306549,-0.01589393516961062,2400,0,0.0,0,0.0,0,0.0,0.0,0.0,0.027477625833333335,0.02657,0.02897545,0.267311,0,0.0
2040,clean_reinforce_snapshot,1,8,0,0.0,0.0,0.32440756488388023,8,1.0,,-0.02193608740774504,-0.03791162493625036,-0.009938445707258273,800,0,0.0,0,0.0,0,0.0,0.0,0.0,0.0272717325,0.0263795,0.028376999999999996,0.267311,0,0.0
2041,clean_reinforce_snapshot,1,8,0,0.0,0.0,0.32440756488388023,8,1.0,,-0.02458828999562663,-0.043197849503580084,-0.00900580407966879,800,0,0.0,0,0.0,0,0.0,0.0,0.0,0.027958175000000002,0.026775,0.0300485,0.195557,0,0.0
2042,clean_reinforce_snapshot,1,8,0,0.0,0.0,0.32440756488388023,8,1.0,,-0.025258718661495982,-0.03806689581347099,-0.01351893342042327,800,0,0.0,0,0.0,0,0.0,0.0,0.0,0.02720297,0.02662,0.028055549999999988,0.14372,0,0.0
pooled,poisoned_action_only_snapshot,3,24,23,0.9583333333333334,0.7975819352134406,0.9926065438344942,1,0.041666666666666664,59.0,-0.1888503689763569,-0.22243698874266232,-0.157578458327583,1462,0,0.0,0,0.0,0,0.0,0.0,0.0,0.027394113543091653,0.02656,0.028600000000000004,0.179036,0,0.0
2040,poisoned_action_only_snapshot,1,8,7,0.875,0.5291118177871464,0.9775825085499433,1,0.125,60.0,-0.15423029490225537,-0.20899989485213422,-0.10738203866923572,521,0,0.0,0,0.0,0,0.0,0.0,0.0,0.02727442802303263,0.0264,0.028533,0.179036,0,0.0
2041,poisoned_action_only_snapshot,1,8,8,1.0,0.6755924351161198,1.0,0,0.0,38.0,-0.19038295111691256,-0.25708142099616554,-0.13369767543314337,313,0,0.0,0,0.0,0,0.0,0.0,0.0,0.02798824600638978,0.02666,0.029176999999999998,0.167915,0,0.0
2042,poisoned_action_only_snapshot,1,8,8,1.0,0.6755924351161198,1.0,0,0.0,79.0,-0.22193786090990292,-0.26716726279830183,-0.18201022561346195,628,0,0.0,0,0.0,0,0.0,0.0,0.0,0.027197286624203818,0.02663,0.027489999999999997,0.056025,0,0.0
pooled,poisoned_commit_gate_snapshot,3,24,0,0.0,1.3877787807814457e-17,0.13797620467498017,24,1.0,,-0.05646849683306321,-0.07732325099434448,-0.03824356765505536,2400,0,0.0,0,0.0,0,0.0,0.0,0.0,0.027282217916666667,0.0264,0.029074,0.225953,0,0.0
2040,poisoned_commit_gate_snapshot,1,8,0,0.0,0.0,0.32440756488388023,8,1.0,,-0.04680320382898795,-0.0767453800648953,-0.023717829577998784,800,0,0.0,0,0.0,0,0.0,0.0,0.0,0.027097179999999995,0.026189,0.028954050000000002,0.084098,0,0.0
2041,poisoned_commit_gate_snapshot,1,8,0,0.0,0.0,0.32440756488388023,8,1.0,,-0.04490909280220279,-0.07853022820135136,-0.017865117053637216,800,0,0.0,0,0.0,0,0.0,0.0,0.0,0.02787166375,0.02658,0.0294275,0.225953,0,0.0
2042,poisoned_commit_gate_snapshot,1,8,0,0.0,0.0,0.32440756488388023,8,1.0,,-0.07769319386799886,-0.11790428230365999,-0.043200658074516896,800,0,0.0,0,0.0,0,0.0,0.0,0.0,0.026877810000000002,0.02635,0.027827499999999995,0.066776,0,0.0
pooled,poisoned_always_freeze_snapshot,3,24,0,0.0,1.3877787807814457e-17,0.13797620467498017,24,1.0,,-0.022970916050441104,-0.031736515101461395,-0.014892037980918295,2400,0,0.0,0,0.0,0,0.0,0.0,0.0,0.026903731249999997,0.026319,0.0281435,0.168115,0,0.0
2040,poisoned_always_freeze_snapshot,1,8,0,0.0,0.0,0.32440756488388023,8,1.0,,-0.021379250823826593,-0.03685485521812227,-0.009709383536996557,800,0,0.0,0,0.0,0,0.0,0.0,0.0,0.026699425000000002,0.025988,0.028143,0.168115,0,0.0
2041,poisoned_always_freeze_snapshot,1,8,0,0.0,0.0,0.32440756488388023,8,1.0,,-0.024498685306052866,-0.042892379340991785,-0.008833293002956771,800,0,0.0,0,0.0,0,0.0,0.0,0.0,0.02698607375,0.0262945,0.0282135,0.16028,0,0.0
2042,poisoned_always_freeze_snapshot,1,8,0,0.0,0.0,0.32440756488388023,8,1.0,,-0.02303481202144384,-0.03519263730485971,-0.011720464419179698,800,0,0.0,0,0.0,0,0.0,0.0,0.0,0.027025695000000002,0.02661,0.02800549999999999,0.053881,0,0.0
pooled,poisoned_permanent_filter_snapshot,3,24,0,0.0,1.3877787807814457e-17,0.13797620467498017,24,1.0,,-0.1950555612486398,-0.2140859995322944,-0.17695813965257837,2400,511,0.21291666666666667,0,0.0,0,0.0,0.006086654530536992,0.049489775463817956,222.47303066875,221.925077,238.2161223,275.117442,0,0.0
2040,poisoned_permanent_filter_snapshot,1,8,0,0.0,0.0,0.32440756488388023,8,1.0,,-0.20963896018657435,-0.24540426979412933,-0.1768490723464065,800,139,0.17375,0,0.0,0,0.0,0.005015456041525631,0.049060221460895656,215.8296436525,215.202777,228.13253735,250.304023,0,0.0
2041,poisoned_permanent_filter_snapshot,1,8,0,0.0,0.0,0.32440756488388023,8,1.0,,-0.20858705510795406,-0.23128231201439525,-0.18958875947932202,800,265,0.33125,0,0.0,0,0.0,0.009523690296685244,0.049489775463817956,226.27229219375,224.84706649999998,241.8748645,275.117442,0,0.0
2042,poisoned_permanent_filter_snapshot,1,8,0,0.0,0.0,0.32440756488388023,8,1.0,,-0.16694066845139105,-0.19650526660015272,-0.13840513011381522,800,107,0.13375,0,0.0,0,0.0,0.003720817253400101,0.03823045695108623,225.31715616000002,224.5896945,238.0121179,256.303012,0,0.0
pooled,official_linear_mpsc,3,24,0,0.0,1.3877787807814457e-17,0.13797620467498017,24,1.0,,-0.45690444986344714,-0.5657440184525768,-0.35736979972723126,2400,2400,1.0,0,0.0,0,0.0,0.009811878602322428,0.07240050310298068,61.881482162500006,59.656997000000004,76.05466034999999,388.544928,0,0.0
2040,official_linear_mpsc,1,8,0,0.0,0.0,0.32440756488388023,8,1.0,,-0.35409099613830614,-0.4707060228583433,-0.25171013076903936,800,800,1.0,0,0.0,0,0.0,0.0055646042882605525,0.05026694415234787,61.780506358749996,59.580397500000004,76.54443964999999,388.544928,0,0.0
2041,official_linear_mpsc,1,8,0,0.0,0.0,0.32440756488388023,8,1.0,,-0.7606505834524937,-0.8728553872286536,-0.6248677882519172,800,800,1.0,0,0.0,0,0.0,0.02028306933436305,0.07240050310298068,64.7068573225,64.805437,76.8497789,112.907891,0,0.0
2042,official_linear_mpsc,1,8,0,0.0,0.0,0.32440756488388023,8,1.0,,-0.25597176999954174,-0.30246945553985877,-0.21471276019401056,800,800,1.0,0,0.0,0,0.0,0.0035879621843436836,0.031562815403351006,59.15708280625,56.8117975,74.06072345,107.340442,0,0.0
